{
    "train_loss": [
        0.7387354091103047,
        0.4499368140330681,
        0.35898441210895615,
        0.295706385803244,
        0.2418072787455028,
        0.19896322164904454,
        0.1667239394318812,
        0.14269451499784996,
        0.12754470095611536,
        0.12101712264120579
    ],
    "test_loss": [
        0.4595100781747273,
        0.41378040782042913,
        0.39697442815772127,
        0.3983649946217026,
        0.40108480730227064,
        0.41246134723935807,
        0.42818108280854567,
        0.43929670032645973,
        0.4518240285771234,
        0.45463190467229914
    ]
}